{
  "ABIRoot": {
    "kind": "Root",
    "name": "TopLevel",
    "printedName": "TopLevel",
    "children": [
      {
        "kind": "Import",
        "name": "UIKit",
        "printedName": "UIKit",
        "declKind": "Import",
        "moduleName": "JCOTPComponent"
      },
      {
        "kind": "TypeDecl",
        "name": "JCOTPComponent",
        "printedName": "JCOTPComponent",
        "children": [
          {
            "kind": "Var",
            "name": "defaultCharacter",
            "printedName": "defaultCharacter",
            "children": [
              {
                "kind": "TypeNominal",
                "name": "String",
                "printedName": "Swift.String",
                "usr": "s:SS"
              }
            ],
            "declKind": "Var",
            "usr": "s:14JCOTPComponentAAC16defaultCharacterSSvp",
            "mangledName": "$s14JCOTPComponentAAC16defaultCharacterSSvp",
            "moduleName": "JCOTPComponent",
            "isOpen": true,
            "declAttributes": [
              "Custom",
              "HasInitialValue",
              "HasStorage",
              "AccessControl"
            ],
            "hasStorage": true,
            "accessors": [
              {
                "kind": "Accessor",
                "name": "Get",
                "printedName": "Get()",
                "children": [
                  {
                    "kind": "TypeNominal",
                    "name": "String",
                    "printedName": "Swift.String",
                    "usr": "s:SS"
                  }
                ],
                "declKind": "Accessor",
                "usr": "s:14JCOTPComponentAAC16defaultCharacterSSvg",
                "mangledName": "$s14JCOTPComponentAAC16defaultCharacterSSvg",
                "moduleName": "JCOTPComponent",
                "implicit": true,
                "isOpen": true,
                "accessorKind": "get"
              },
              {
                "kind": "Accessor",
                "name": "Set",
                "printedName": "Set()",
                "children": [
                  {
                    "kind": "TypeNominal",
                    "name": "Void",
                    "printedName": "()"
                  },
                  {
                    "kind": "TypeNominal",
                    "name": "String",
                    "printedName": "Swift.String",
                    "usr": "s:SS"
                  }
                ],
                "declKind": "Accessor",
                "usr": "s:14JCOTPComponentAAC16defaultCharacterSSvs",
                "mangledName": "$s14JCOTPComponentAAC16defaultCharacterSSvs",
                "moduleName": "JCOTPComponent",
                "implicit": true,
                "isOpen": true,
                "accessorKind": "set"
              },
              {
                "kind": "Accessor",
                "name": "Modify",
                "printedName": "Modify()",
                "children": [
                  {
                    "kind": "TypeNominal",
                    "name": "Void",
                    "printedName": "()"
                  }
                ],
                "declKind": "Accessor",
                "usr": "s:14JCOTPComponentAAC16defaultCharacterSSvM",
                "mangledName": "$s14JCOTPComponentAAC16defaultCharacterSSvM",
                "moduleName": "JCOTPComponent",
                "implicit": true,
                "isOpen": true,
                "accessorKind": "_modify"
              }
            ]
          },
          {
            "kind": "Var",
            "name": "componentBackgroundColor",
            "printedName": "componentBackgroundColor",
            "children": [
              {
                "kind": "TypeNominal",
                "name": "UIColor",
                "printedName": "UIKit.UIColor",
                "usr": "c:objc(cs)UIColor"
              }
            ],
            "declKind": "Var",
            "usr": "s:14JCOTPComponentAAC24componentBackgroundColorSo7UIColorCvp",
            "mangledName": "$s14JCOTPComponentAAC24componentBackgroundColorSo7UIColorCvp",
            "moduleName": "JCOTPComponent",
            "isOpen": true,
            "declAttributes": [
              "Custom",
              "HasInitialValue",
              "HasStorage",
              "AccessControl"
            ],
            "hasStorage": true,
            "accessors": [
              {
                "kind": "Accessor",
                "name": "Get",
                "printedName": "Get()",
                "children": [
                  {
                    "kind": "TypeNominal",
                    "name": "UIColor",
                    "printedName": "UIKit.UIColor",
                    "usr": "c:objc(cs)UIColor"
                  }
                ],
                "declKind": "Accessor",
                "usr": "s:14JCOTPComponentAAC24componentBackgroundColorSo7UIColorCvg",
                "mangledName": "$s14JCOTPComponentAAC24componentBackgroundColorSo7UIColorCvg",
                "moduleName": "JCOTPComponent",
                "implicit": true,
                "isOpen": true,
                "accessorKind": "get"
              },
              {
                "kind": "Accessor",
                "name": "Set",
                "printedName": "Set()",
                "children": [
                  {
                    "kind": "TypeNominal",
                    "name": "Void",
                    "printedName": "()"
                  },
                  {
                    "kind": "TypeNominal",
                    "name": "UIColor",
                    "printedName": "UIKit.UIColor",
                    "usr": "c:objc(cs)UIColor"
                  }
                ],
                "declKind": "Accessor",
                "usr": "s:14JCOTPComponentAAC24componentBackgroundColorSo7UIColorCvs",
                "mangledName": "$s14JCOTPComponentAAC24componentBackgroundColorSo7UIColorCvs",
                "moduleName": "JCOTPComponent",
                "implicit": true,
                "isOpen": true,
                "accessorKind": "set"
              },
              {
                "kind": "Accessor",
                "name": "Modify",
                "printedName": "Modify()",
                "children": [
                  {
                    "kind": "TypeNominal",
                    "name": "Void",
                    "printedName": "()"
                  }
                ],
                "declKind": "Accessor",
                "usr": "s:14JCOTPComponentAAC24componentBackgroundColorSo7UIColorCvM",
                "mangledName": "$s14JCOTPComponentAAC24componentBackgroundColorSo7UIColorCvM",
                "moduleName": "JCOTPComponent",
                "implicit": true,
                "isOpen": true,
                "accessorKind": "_modify"
              }
            ]
          },
          {
            "kind": "Var",
            "name": "filledBackgroundColor",
            "printedName": "filledBackgroundColor",
            "children": [
              {
                "kind": "TypeNominal",
                "name": "UIColor",
                "printedName": "UIKit.UIColor",
                "usr": "c:objc(cs)UIColor"
              }
            ],
            "declKind": "Var",
            "usr": "s:14JCOTPComponentAAC21filledBackgroundColorSo7UIColorCvp",
            "mangledName": "$s14JCOTPComponentAAC21filledBackgroundColorSo7UIColorCvp",
            "moduleName": "JCOTPComponent",
            "isOpen": true,
            "declAttributes": [
              "Custom",
              "HasInitialValue",
              "HasStorage",
              "AccessControl"
            ],
            "hasStorage": true,
            "accessors": [
              {
                "kind": "Accessor",
                "name": "Get",
                "printedName": "Get()",
                "children": [
                  {
                    "kind": "TypeNominal",
                    "name": "UIColor",
                    "printedName": "UIKit.UIColor",
                    "usr": "c:objc(cs)UIColor"
                  }
                ],
                "declKind": "Accessor",
                "usr": "s:14JCOTPComponentAAC21filledBackgroundColorSo7UIColorCvg",
                "mangledName": "$s14JCOTPComponentAAC21filledBackgroundColorSo7UIColorCvg",
                "moduleName": "JCOTPComponent",
                "implicit": true,
                "isOpen": true,
                "accessorKind": "get"
              },
              {
                "kind": "Accessor",
                "name": "Set",
                "printedName": "Set()",
                "children": [
                  {
                    "kind": "TypeNominal",
                    "name": "Void",
                    "printedName": "()"
                  },
                  {
                    "kind": "TypeNominal",
                    "name": "UIColor",
                    "printedName": "UIKit.UIColor",
                    "usr": "c:objc(cs)UIColor"
                  }
                ],
                "declKind": "Accessor",
                "usr": "s:14JCOTPComponentAAC21filledBackgroundColorSo7UIColorCvs",
                "mangledName": "$s14JCOTPComponentAAC21filledBackgroundColorSo7UIColorCvs",
                "moduleName": "JCOTPComponent",
                "implicit": true,
                "isOpen": true,
                "accessorKind": "set"
              },
              {
                "kind": "Accessor",
                "name": "Modify",
                "printedName": "Modify()",
                "children": [
                  {
                    "kind": "TypeNominal",
                    "name": "Void",
                    "printedName": "()"
                  }
                ],
                "declKind": "Accessor",
                "usr": "s:14JCOTPComponentAAC21filledBackgroundColorSo7UIColorCvM",
                "mangledName": "$s14JCOTPComponentAAC21filledBackgroundColorSo7UIColorCvM",
                "moduleName": "JCOTPComponent",
                "implicit": true,
                "isOpen": true,
                "accessorKind": "_modify"
              }
            ]
          },
          {
            "kind": "Var",
            "name": "cornerRadius",
            "printedName": "cornerRadius",
            "children": [
              {
                "kind": "TypeNominal",
                "name": "CGFloat",
                "printedName": "CoreGraphics.CGFloat",
                "usr": "s:14CoreFoundation7CGFloatV"
              }
            ],
            "declKind": "Var",
            "usr": "s:14JCOTPComponentAAC12cornerRadius14CoreFoundation7CGFloatVvp",
            "mangledName": "$s14JCOTPComponentAAC12cornerRadius12CoreGraphics7CGFloatVvp",
            "moduleName": "JCOTPComponent",
            "isOpen": true,
            "declAttributes": [
              "Custom",
              "HasInitialValue",
              "HasStorage",
              "AccessControl"
            ],
            "hasStorage": true,
            "accessors": [
              {
                "kind": "Accessor",
                "name": "Get",
                "printedName": "Get()",
                "children": [
                  {
                    "kind": "TypeNominal",
                    "name": "CGFloat",
                    "printedName": "CoreGraphics.CGFloat",
                    "usr": "s:14CoreFoundation7CGFloatV"
                  }
                ],
                "declKind": "Accessor",
                "usr": "s:14JCOTPComponentAAC12cornerRadius14CoreFoundation7CGFloatVvg",
                "mangledName": "$s14JCOTPComponentAAC12cornerRadius12CoreGraphics7CGFloatVvg",
                "moduleName": "JCOTPComponent",
                "implicit": true,
                "isOpen": true,
                "accessorKind": "get"
              },
              {
                "kind": "Accessor",
                "name": "Set",
                "printedName": "Set()",
                "children": [
                  {
                    "kind": "TypeNominal",
                    "name": "Void",
                    "printedName": "()"
                  },
                  {
                    "kind": "TypeNominal",
                    "name": "CGFloat",
                    "printedName": "CoreGraphics.CGFloat",
                    "usr": "s:14CoreFoundation7CGFloatV"
                  }
                ],
                "declKind": "Accessor",
                "usr": "s:14JCOTPComponentAAC12cornerRadius14CoreFoundation7CGFloatVvs",
                "mangledName": "$s14JCOTPComponentAAC12cornerRadius12CoreGraphics7CGFloatVvs",
                "moduleName": "JCOTPComponent",
                "implicit": true,
                "isOpen": true,
                "accessorKind": "set"
              },
              {
                "kind": "Accessor",
                "name": "Modify",
                "printedName": "Modify()",
                "children": [
                  {
                    "kind": "TypeNominal",
                    "name": "Void",
                    "printedName": "()"
                  }
                ],
                "declKind": "Accessor",
                "usr": "s:14JCOTPComponentAAC12cornerRadius14CoreFoundation7CGFloatVvM",
                "mangledName": "$s14JCOTPComponentAAC12cornerRadius12CoreGraphics7CGFloatVvM",
                "moduleName": "JCOTPComponent",
                "implicit": true,
                "isOpen": true,
                "accessorKind": "_modify"
              }
            ]
          },
          {
            "kind": "Var",
            "name": "defaultBorderColor",
            "printedName": "defaultBorderColor",
            "children": [
              {
                "kind": "TypeNominal",
                "name": "UIColor",
                "printedName": "UIKit.UIColor",
                "usr": "c:objc(cs)UIColor"
              }
            ],
            "declKind": "Var",
            "usr": "s:14JCOTPComponentAAC18defaultBorderColorSo7UIColorCvp",
            "mangledName": "$s14JCOTPComponentAAC18defaultBorderColorSo7UIColorCvp",
            "moduleName": "JCOTPComponent",
            "isOpen": true,
            "declAttributes": [
              "Custom",
              "HasInitialValue",
              "HasStorage",
              "AccessControl"
            ],
            "hasStorage": true,
            "accessors": [
              {
                "kind": "Accessor",
                "name": "Get",
                "printedName": "Get()",
                "children": [
                  {
                    "kind": "TypeNominal",
                    "name": "UIColor",
                    "printedName": "UIKit.UIColor",
                    "usr": "c:objc(cs)UIColor"
                  }
                ],
                "declKind": "Accessor",
                "usr": "s:14JCOTPComponentAAC18defaultBorderColorSo7UIColorCvg",
                "mangledName": "$s14JCOTPComponentAAC18defaultBorderColorSo7UIColorCvg",
                "moduleName": "JCOTPComponent",
                "implicit": true,
                "isOpen": true,
                "accessorKind": "get"
              },
              {
                "kind": "Accessor",
                "name": "Set",
                "printedName": "Set()",
                "children": [
                  {
                    "kind": "TypeNominal",
                    "name": "Void",
                    "printedName": "()"
                  },
                  {
                    "kind": "TypeNominal",
                    "name": "UIColor",
                    "printedName": "UIKit.UIColor",
                    "usr": "c:objc(cs)UIColor"
                  }
                ],
                "declKind": "Accessor",
                "usr": "s:14JCOTPComponentAAC18defaultBorderColorSo7UIColorCvs",
                "mangledName": "$s14JCOTPComponentAAC18defaultBorderColorSo7UIColorCvs",
                "moduleName": "JCOTPComponent",
                "implicit": true,
                "isOpen": true,
                "accessorKind": "set"
              },
              {
                "kind": "Accessor",
                "name": "Modify",
                "printedName": "Modify()",
                "children": [
                  {
                    "kind": "TypeNominal",
                    "name": "Void",
                    "printedName": "()"
                  }
                ],
                "declKind": "Accessor",
                "usr": "s:14JCOTPComponentAAC18defaultBorderColorSo7UIColorCvM",
                "mangledName": "$s14JCOTPComponentAAC18defaultBorderColorSo7UIColorCvM",
                "moduleName": "JCOTPComponent",
                "implicit": true,
                "isOpen": true,
                "accessorKind": "_modify"
              }
            ]
          },
          {
            "kind": "Var",
            "name": "filledBorderColor",
            "printedName": "filledBorderColor",
            "children": [
              {
                "kind": "TypeNominal",
                "name": "UIColor",
                "printedName": "UIKit.UIColor",
                "usr": "c:objc(cs)UIColor"
              }
            ],
            "declKind": "Var",
            "usr": "s:14JCOTPComponentAAC17filledBorderColorSo7UIColorCvp",
            "mangledName": "$s14JCOTPComponentAAC17filledBorderColorSo7UIColorCvp",
            "moduleName": "JCOTPComponent",
            "isOpen": true,
            "declAttributes": [
              "Custom",
              "HasInitialValue",
              "HasStorage",
              "AccessControl"
            ],
            "hasStorage": true,
            "accessors": [
              {
                "kind": "Accessor",
                "name": "Get",
                "printedName": "Get()",
                "children": [
                  {
                    "kind": "TypeNominal",
                    "name": "UIColor",
                    "printedName": "UIKit.UIColor",
                    "usr": "c:objc(cs)UIColor"
                  }
                ],
                "declKind": "Accessor",
                "usr": "s:14JCOTPComponentAAC17filledBorderColorSo7UIColorCvg",
                "mangledName": "$s14JCOTPComponentAAC17filledBorderColorSo7UIColorCvg",
                "moduleName": "JCOTPComponent",
                "implicit": true,
                "isOpen": true,
                "accessorKind": "get"
              },
              {
                "kind": "Accessor",
                "name": "Set",
                "printedName": "Set()",
                "children": [
                  {
                    "kind": "TypeNominal",
                    "name": "Void",
                    "printedName": "()"
                  },
                  {
                    "kind": "TypeNominal",
                    "name": "UIColor",
                    "printedName": "UIKit.UIColor",
                    "usr": "c:objc(cs)UIColor"
                  }
                ],
                "declKind": "Accessor",
                "usr": "s:14JCOTPComponentAAC17filledBorderColorSo7UIColorCvs",
                "mangledName": "$s14JCOTPComponentAAC17filledBorderColorSo7UIColorCvs",
                "moduleName": "JCOTPComponent",
                "implicit": true,
                "isOpen": true,
                "accessorKind": "set"
              },
              {
                "kind": "Accessor",
                "name": "Modify",
                "printedName": "Modify()",
                "children": [
                  {
                    "kind": "TypeNominal",
                    "name": "Void",
                    "printedName": "()"
                  }
                ],
                "declKind": "Accessor",
                "usr": "s:14JCOTPComponentAAC17filledBorderColorSo7UIColorCvM",
                "mangledName": "$s14JCOTPComponentAAC17filledBorderColorSo7UIColorCvM",
                "moduleName": "JCOTPComponent",
                "implicit": true,
                "isOpen": true,
                "accessorKind": "_modify"
              }
            ]
          },
          {
            "kind": "Var",
            "name": "defaultBorderWidth",
            "printedName": "defaultBorderWidth",
            "children": [
              {
                "kind": "TypeNominal",
                "name": "CGFloat",
                "printedName": "CoreGraphics.CGFloat",
                "usr": "s:14CoreFoundation7CGFloatV"
              }
            ],
            "declKind": "Var",
            "usr": "s:14JCOTPComponentAAC18defaultBorderWidth14CoreFoundation7CGFloatVvp",
            "mangledName": "$s14JCOTPComponentAAC18defaultBorderWidth12CoreGraphics7CGFloatVvp",
            "moduleName": "JCOTPComponent",
            "isOpen": true,
            "declAttributes": [
              "Custom",
              "HasInitialValue",
              "HasStorage",
              "AccessControl"
            ],
            "hasStorage": true,
            "accessors": [
              {
                "kind": "Accessor",
                "name": "Get",
                "printedName": "Get()",
                "children": [
                  {
                    "kind": "TypeNominal",
                    "name": "CGFloat",
                    "printedName": "CoreGraphics.CGFloat",
                    "usr": "s:14CoreFoundation7CGFloatV"
                  }
                ],
                "declKind": "Accessor",
                "usr": "s:14JCOTPComponentAAC18defaultBorderWidth14CoreFoundation7CGFloatVvg",
                "mangledName": "$s14JCOTPComponentAAC18defaultBorderWidth12CoreGraphics7CGFloatVvg",
                "moduleName": "JCOTPComponent",
                "implicit": true,
                "isOpen": true,
                "accessorKind": "get"
              },
              {
                "kind": "Accessor",
                "name": "Set",
                "printedName": "Set()",
                "children": [
                  {
                    "kind": "TypeNominal",
                    "name": "Void",
                    "printedName": "()"
                  },
                  {
                    "kind": "TypeNominal",
                    "name": "CGFloat",
                    "printedName": "CoreGraphics.CGFloat",
                    "usr": "s:14CoreFoundation7CGFloatV"
                  }
                ],
                "declKind": "Accessor",
                "usr": "s:14JCOTPComponentAAC18defaultBorderWidth14CoreFoundation7CGFloatVvs",
                "mangledName": "$s14JCOTPComponentAAC18defaultBorderWidth12CoreGraphics7CGFloatVvs",
                "moduleName": "JCOTPComponent",
                "implicit": true,
                "isOpen": true,
                "accessorKind": "set"
              },
              {
                "kind": "Accessor",
                "name": "Modify",
                "printedName": "Modify()",
                "children": [
                  {
                    "kind": "TypeNominal",
                    "name": "Void",
                    "printedName": "()"
                  }
                ],
                "declKind": "Accessor",
                "usr": "s:14JCOTPComponentAAC18defaultBorderWidth14CoreFoundation7CGFloatVvM",
                "mangledName": "$s14JCOTPComponentAAC18defaultBorderWidth12CoreGraphics7CGFloatVvM",
                "moduleName": "JCOTPComponent",
                "implicit": true,
                "isOpen": true,
                "accessorKind": "_modify"
              }
            ]
          },
          {
            "kind": "Var",
            "name": "filledBorderWidth",
            "printedName": "filledBorderWidth",
            "children": [
              {
                "kind": "TypeNominal",
                "name": "CGFloat",
                "printedName": "CoreGraphics.CGFloat",
                "usr": "s:14CoreFoundation7CGFloatV"
              }
            ],
            "declKind": "Var",
            "usr": "s:14JCOTPComponentAAC17filledBorderWidth14CoreFoundation7CGFloatVvp",
            "mangledName": "$s14JCOTPComponentAAC17filledBorderWidth12CoreGraphics7CGFloatVvp",
            "moduleName": "JCOTPComponent",
            "isOpen": true,
            "declAttributes": [
              "Custom",
              "HasInitialValue",
              "HasStorage",
              "AccessControl"
            ],
            "hasStorage": true,
            "accessors": [
              {
                "kind": "Accessor",
                "name": "Get",
                "printedName": "Get()",
                "children": [
                  {
                    "kind": "TypeNominal",
                    "name": "CGFloat",
                    "printedName": "CoreGraphics.CGFloat",
                    "usr": "s:14CoreFoundation7CGFloatV"
                  }
                ],
                "declKind": "Accessor",
                "usr": "s:14JCOTPComponentAAC17filledBorderWidth14CoreFoundation7CGFloatVvg",
                "mangledName": "$s14JCOTPComponentAAC17filledBorderWidth12CoreGraphics7CGFloatVvg",
                "moduleName": "JCOTPComponent",
                "implicit": true,
                "isOpen": true,
                "accessorKind": "get"
              },
              {
                "kind": "Accessor",
                "name": "Set",
                "printedName": "Set()",
                "children": [
                  {
                    "kind": "TypeNominal",
                    "name": "Void",
                    "printedName": "()"
                  },
                  {
                    "kind": "TypeNominal",
                    "name": "CGFloat",
                    "printedName": "CoreGraphics.CGFloat",
                    "usr": "s:14CoreFoundation7CGFloatV"
                  }
                ],
                "declKind": "Accessor",
                "usr": "s:14JCOTPComponentAAC17filledBorderWidth14CoreFoundation7CGFloatVvs",
                "mangledName": "$s14JCOTPComponentAAC17filledBorderWidth12CoreGraphics7CGFloatVvs",
                "moduleName": "JCOTPComponent",
                "implicit": true,
                "isOpen": true,
                "accessorKind": "set"
              },
              {
                "kind": "Accessor",
                "name": "Modify",
                "printedName": "Modify()",
                "children": [
                  {
                    "kind": "TypeNominal",
                    "name": "Void",
                    "printedName": "()"
                  }
                ],
                "declKind": "Accessor",
                "usr": "s:14JCOTPComponentAAC17filledBorderWidth14CoreFoundation7CGFloatVvM",
                "mangledName": "$s14JCOTPComponentAAC17filledBorderWidth12CoreGraphics7CGFloatVvM",
                "moduleName": "JCOTPComponent",
                "implicit": true,
                "isOpen": true,
                "accessorKind": "_modify"
              }
            ]
          },
          {
            "kind": "Var",
            "name": "componentTextColor",
            "printedName": "componentTextColor",
            "children": [
              {
                "kind": "TypeNominal",
                "name": "UIColor",
                "printedName": "UIKit.UIColor",
                "usr": "c:objc(cs)UIColor"
              }
            ],
            "declKind": "Var",
            "usr": "s:14JCOTPComponentAAC18componentTextColorSo7UIColorCvp",
            "mangledName": "$s14JCOTPComponentAAC18componentTextColorSo7UIColorCvp",
            "moduleName": "JCOTPComponent",
            "isOpen": true,
            "declAttributes": [
              "Custom",
              "HasInitialValue",
              "HasStorage",
              "AccessControl"
            ],
            "hasStorage": true,
            "accessors": [
              {
                "kind": "Accessor",
                "name": "Get",
                "printedName": "Get()",
                "children": [
                  {
                    "kind": "TypeNominal",
                    "name": "UIColor",
                    "printedName": "UIKit.UIColor",
                    "usr": "c:objc(cs)UIColor"
                  }
                ],
                "declKind": "Accessor",
                "usr": "s:14JCOTPComponentAAC18componentTextColorSo7UIColorCvg",
                "mangledName": "$s14JCOTPComponentAAC18componentTextColorSo7UIColorCvg",
                "moduleName": "JCOTPComponent",
                "implicit": true,
                "isOpen": true,
                "accessorKind": "get"
              },
              {
                "kind": "Accessor",
                "name": "Set",
                "printedName": "Set()",
                "children": [
                  {
                    "kind": "TypeNominal",
                    "name": "Void",
                    "printedName": "()"
                  },
                  {
                    "kind": "TypeNominal",
                    "name": "UIColor",
                    "printedName": "UIKit.UIColor",
                    "usr": "c:objc(cs)UIColor"
                  }
                ],
                "declKind": "Accessor",
                "usr": "s:14JCOTPComponentAAC18componentTextColorSo7UIColorCvs",
                "mangledName": "$s14JCOTPComponentAAC18componentTextColorSo7UIColorCvs",
                "moduleName": "JCOTPComponent",
                "implicit": true,
                "isOpen": true,
                "accessorKind": "set"
              },
              {
                "kind": "Accessor",
                "name": "Modify",
                "printedName": "Modify()",
                "children": [
                  {
                    "kind": "TypeNominal",
                    "name": "Void",
                    "printedName": "()"
                  }
                ],
                "declKind": "Accessor",
                "usr": "s:14JCOTPComponentAAC18componentTextColorSo7UIColorCvM",
                "mangledName": "$s14JCOTPComponentAAC18componentTextColorSo7UIColorCvM",
                "moduleName": "JCOTPComponent",
                "implicit": true,
                "isOpen": true,
                "accessorKind": "_modify"
              }
            ]
          },
          {
            "kind": "Var",
            "name": "fontSize",
            "printedName": "fontSize",
            "children": [
              {
                "kind": "TypeNominal",
                "name": "CGFloat",
                "printedName": "CoreGraphics.CGFloat",
                "usr": "s:14CoreFoundation7CGFloatV"
              }
            ],
            "declKind": "Var",
            "usr": "s:14JCOTPComponentAAC8fontSize14CoreFoundation7CGFloatVvp",
            "mangledName": "$s14JCOTPComponentAAC8fontSize12CoreGraphics7CGFloatVvp",
            "moduleName": "JCOTPComponent",
            "isOpen": true,
            "declAttributes": [
              "Custom",
              "HasInitialValue",
              "HasStorage",
              "AccessControl"
            ],
            "hasStorage": true,
            "accessors": [
              {
                "kind": "Accessor",
                "name": "Get",
                "printedName": "Get()",
                "children": [
                  {
                    "kind": "TypeNominal",
                    "name": "CGFloat",
                    "printedName": "CoreGraphics.CGFloat",
                    "usr": "s:14CoreFoundation7CGFloatV"
                  }
                ],
                "declKind": "Accessor",
                "usr": "s:14JCOTPComponentAAC8fontSize14CoreFoundation7CGFloatVvg",
                "mangledName": "$s14JCOTPComponentAAC8fontSize12CoreGraphics7CGFloatVvg",
                "moduleName": "JCOTPComponent",
                "implicit": true,
                "isOpen": true,
                "accessorKind": "get"
              },
              {
                "kind": "Accessor",
                "name": "Set",
                "printedName": "Set()",
                "children": [
                  {
                    "kind": "TypeNominal",
                    "name": "Void",
                    "printedName": "()"
                  },
                  {
                    "kind": "TypeNominal",
                    "name": "CGFloat",
                    "printedName": "CoreGraphics.CGFloat",
                    "usr": "s:14CoreFoundation7CGFloatV"
                  }
                ],
                "declKind": "Accessor",
                "usr": "s:14JCOTPComponentAAC8fontSize14CoreFoundation7CGFloatVvs",
                "mangledName": "$s14JCOTPComponentAAC8fontSize12CoreGraphics7CGFloatVvs",
                "moduleName": "JCOTPComponent",
                "implicit": true,
                "isOpen": true,
                "accessorKind": "set"
              },
              {
                "kind": "Accessor",
                "name": "Modify",
                "printedName": "Modify()",
                "children": [
                  {
                    "kind": "TypeNominal",
                    "name": "Void",
                    "printedName": "()"
                  }
                ],
                "declKind": "Accessor",
                "usr": "s:14JCOTPComponentAAC8fontSize14CoreFoundation7CGFloatVvM",
                "mangledName": "$s14JCOTPComponentAAC8fontSize12CoreGraphics7CGFloatVvM",
                "moduleName": "JCOTPComponent",
                "implicit": true,
                "isOpen": true,
                "accessorKind": "_modify"
              }
            ]
          },
          {
            "kind": "Var",
            "name": "componentFont",
            "printedName": "componentFont",
            "children": [
              {
                "kind": "TypeNominal",
                "name": "UIFont",
                "printedName": "UIKit.UIFont",
                "usr": "c:objc(cs)UIFont"
              }
            ],
            "declKind": "Var",
            "usr": "s:14JCOTPComponentAAC13componentFontSo6UIFontCvp",
            "mangledName": "$s14JCOTPComponentAAC13componentFontSo6UIFontCvp",
            "moduleName": "JCOTPComponent",
            "isOpen": true,
            "declAttributes": [
              "Custom",
              "HasInitialValue",
              "HasStorage",
              "AccessControl"
            ],
            "hasStorage": true,
            "accessors": [
              {
                "kind": "Accessor",
                "name": "Get",
                "printedName": "Get()",
                "children": [
                  {
                    "kind": "TypeNominal",
                    "name": "UIFont",
                    "printedName": "UIKit.UIFont",
                    "usr": "c:objc(cs)UIFont"
                  }
                ],
                "declKind": "Accessor",
                "usr": "s:14JCOTPComponentAAC13componentFontSo6UIFontCvg",
                "mangledName": "$s14JCOTPComponentAAC13componentFontSo6UIFontCvg",
                "moduleName": "JCOTPComponent",
                "implicit": true,
                "isOpen": true,
                "accessorKind": "get"
              },
              {
                "kind": "Accessor",
                "name": "Set",
                "printedName": "Set()",
                "children": [
                  {
                    "kind": "TypeNominal",
                    "name": "Void",
                    "printedName": "()"
                  },
                  {
                    "kind": "TypeNominal",
                    "name": "UIFont",
                    "printedName": "UIKit.UIFont",
                    "usr": "c:objc(cs)UIFont"
                  }
                ],
                "declKind": "Accessor",
                "usr": "s:14JCOTPComponentAAC13componentFontSo6UIFontCvs",
                "mangledName": "$s14JCOTPComponentAAC13componentFontSo6UIFontCvs",
                "moduleName": "JCOTPComponent",
                "implicit": true,
                "isOpen": true,
                "accessorKind": "set"
              },
              {
                "kind": "Accessor",
                "name": "Modify",
                "printedName": "Modify()",
                "children": [
                  {
                    "kind": "TypeNominal",
                    "name": "Void",
                    "printedName": "()"
                  }
                ],
                "declKind": "Accessor",
                "usr": "s:14JCOTPComponentAAC13componentFontSo6UIFontCvM",
                "mangledName": "$s14JCOTPComponentAAC13componentFontSo6UIFontCvM",
                "moduleName": "JCOTPComponent",
                "implicit": true,
                "isOpen": true,
                "accessorKind": "_modify"
              }
            ]
          },
          {
            "kind": "Var",
            "name": "componentDelegate",
            "printedName": "componentDelegate",
            "children": [
              {
                "kind": "TypeNominal",
                "name": "WeakStorage",
                "printedName": "JCOTPComponent.JCOTPComponentDelegate?"
              }
            ],
            "declKind": "Var",
            "usr": "s:14JCOTPComponentAAC17componentDelegateAA0aC0_pSgvp",
            "mangledName": "$s14JCOTPComponentAAC17componentDelegateAA0aC0_pSgvp",
            "moduleName": "JCOTPComponent",
            "isOpen": true,
            "declAttributes": [
              "Custom",
              "HasInitialValue",
              "HasStorage",
              "ReferenceOwnership",
              "AccessControl"
            ],
            "ownership": 1,
            "hasStorage": true,
            "accessors": [
              {
                "kind": "Accessor",
                "name": "Get",
                "printedName": "Get()",
                "children": [
                  {
                    "kind": "TypeNominal",
                    "name": "Optional",
                    "printedName": "JCOTPComponent.JCOTPComponentDelegate?",
                    "children": [
                      {
                        "kind": "TypeNominal",
                        "name": "JCOTPComponentDelegate",
                        "printedName": "JCOTPComponent.JCOTPComponentDelegate",
                        "usr": "s:14JCOTPComponent0A8DelegateP"
                      }
                    ],
                    "usr": "s:Sq"
                  }
                ],
                "declKind": "Accessor",
                "usr": "s:14JCOTPComponentAAC17componentDelegateAA0aC0_pSgvg",
                "mangledName": "$s14JCOTPComponentAAC17componentDelegateAA0aC0_pSgvg",
                "moduleName": "JCOTPComponent",
                "implicit": true,
                "isOpen": true,
                "accessorKind": "get"
              },
              {
                "kind": "Accessor",
                "name": "Set",
                "printedName": "Set()",
                "children": [
                  {
                    "kind": "TypeNominal",
                    "name": "Void",
                    "printedName": "()"
                  },
                  {
                    "kind": "TypeNominal",
                    "name": "Optional",
                    "printedName": "JCOTPComponent.JCOTPComponentDelegate?",
                    "children": [
                      {
                        "kind": "TypeNominal",
                        "name": "JCOTPComponentDelegate",
                        "printedName": "JCOTPComponent.JCOTPComponentDelegate",
                        "usr": "s:14JCOTPComponent0A8DelegateP"
                      }
                    ],
                    "usr": "s:Sq"
                  }
                ],
                "declKind": "Accessor",
                "usr": "s:14JCOTPComponentAAC17componentDelegateAA0aC0_pSgvs",
                "mangledName": "$s14JCOTPComponentAAC17componentDelegateAA0aC0_pSgvs",
                "moduleName": "JCOTPComponent",
                "implicit": true,
                "isOpen": true,
                "accessorKind": "set"
              },
              {
                "kind": "Accessor",
                "name": "Modify",
                "printedName": "Modify()",
                "children": [
                  {
                    "kind": "TypeNominal",
                    "name": "Void",
                    "printedName": "()"
                  }
                ],
                "declKind": "Accessor",
                "usr": "s:14JCOTPComponentAAC17componentDelegateAA0aC0_pSgvM",
                "mangledName": "$s14JCOTPComponentAAC17componentDelegateAA0aC0_pSgvM",
                "moduleName": "JCOTPComponent",
                "implicit": true,
                "isOpen": true,
                "accessorKind": "_modify"
              }
            ]
          },
          {
            "kind": "Function",
            "name": "configure",
            "printedName": "configure(with:)",
            "children": [
              {
                "kind": "TypeNominal",
                "name": "Void",
                "printedName": "()"
              },
              {
                "kind": "TypeNominal",
                "name": "Int",
                "printedName": "Swift.Int",
                "hasDefaultArg": true,
                "usr": "s:Si"
              }
            ],
            "declKind": "Func",
            "usr": "s:14JCOTPComponentAAC9configure4withySi_tF",
            "mangledName": "$s14JCOTPComponentAAC9configure4withySi_tF",
            "moduleName": "JCOTPComponent",
            "isOpen": true,
            "declAttributes": [
              "Custom",
              "AccessControl"
            ],
            "funcSelfKind": "NonMutating"
          },
          {
            "kind": "Function",
            "name": "clearDigits",
            "printedName": "clearDigits()",
            "children": [
              {
                "kind": "TypeNominal",
                "name": "Void",
                "printedName": "()"
              }
            ],
            "declKind": "Func",
            "usr": "s:14JCOTPComponentAAC11clearDigitsyyF",
            "mangledName": "$s14JCOTPComponentAAC11clearDigitsyyF",
            "moduleName": "JCOTPComponent",
            "isOpen": true,
            "declAttributes": [
              "Custom",
              "AccessControl"
            ],
            "funcSelfKind": "NonMutating"
          },
          {
            "kind": "Function",
            "name": "setDigits",
            "printedName": "setDigits(_:)",
            "children": [
              {
                "kind": "TypeNominal",
                "name": "Void",
                "printedName": "()"
              },
              {
                "kind": "TypeNominal",
                "name": "String",
                "printedName": "Swift.String",
                "usr": "s:SS"
              }
            ],
            "declKind": "Func",
            "usr": "s:14JCOTPComponentAAC9setDigitsyySSF",
            "mangledName": "$s14JCOTPComponentAAC9setDigitsyySSF",
            "moduleName": "JCOTPComponent",
            "isOpen": true,
            "declAttributes": [
              "Custom",
              "AccessControl"
            ],
            "funcSelfKind": "NonMutating"
          },
          {
            "kind": "Function",
            "name": "setupTextFiled",
            "printedName": "setupTextFiled()",
            "children": [
              {
                "kind": "TypeNominal",
                "name": "Void",
                "printedName": "()"
              }
            ],
            "declKind": "Func",
            "usr": "s:14JCOTPComponentAAC14setupTextFiledyyF",
            "mangledName": "$s14JCOTPComponentAAC14setupTextFiledyyF",
            "moduleName": "JCOTPComponent",
            "isOpen": true,
            "declAttributes": [
              "Custom"
            ],
            "funcSelfKind": "NonMutating"
          },
          {
            "kind": "Function",
            "name": "createDigitsStack",
            "printedName": "createDigitsStack(with:)",
            "children": [
              {
                "kind": "TypeNominal",
                "name": "UIStackView",
                "printedName": "UIKit.UIStackView",
                "usr": "c:objc(cs)UIStackView"
              },
              {
                "kind": "TypeNominal",
                "name": "Int",
                "printedName": "Swift.Int",
                "usr": "s:Si"
              }
            ],
            "declKind": "Func",
            "usr": "s:14JCOTPComponentAAC17createDigitsStack4withSo11UIStackViewCSi_tF",
            "mangledName": "$s14JCOTPComponentAAC17createDigitsStack4withSo11UIStackViewCSi_tF",
            "moduleName": "JCOTPComponent",
            "isOpen": true,
            "declAttributes": [
              "Custom"
            ],
            "funcSelfKind": "NonMutating"
          },
          {
            "kind": "Var",
            "name": "digitsLabel",
            "printedName": "digitsLabel",
            "children": [
              {
                "kind": "TypeNominal",
                "name": "UILabel",
                "printedName": "UIKit.UILabel",
                "usr": "c:objc(cs)UILabel"
              }
            ],
            "declKind": "Var",
            "usr": "s:14JCOTPComponentAAC11digitsLabelSo7UILabelCvp",
            "mangledName": "$s14JCOTPComponentAAC11digitsLabelSo7UILabelCvp",
            "moduleName": "JCOTPComponent",
            "isOpen": true,
            "declAttributes": [
              "Custom"
            ],
            "accessors": [
              {
                "kind": "Accessor",
                "name": "Get",
                "printedName": "Get()",
                "children": [
                  {
                    "kind": "TypeNominal",
                    "name": "UILabel",
                    "printedName": "UIKit.UILabel",
                    "usr": "c:objc(cs)UILabel"
                  }
                ],
                "declKind": "Accessor",
                "usr": "s:14JCOTPComponentAAC11digitsLabelSo7UILabelCvg",
                "mangledName": "$s14JCOTPComponentAAC11digitsLabelSo7UILabelCvg",
                "moduleName": "JCOTPComponent",
                "isOpen": true,
                "accessorKind": "get"
              }
            ]
          },
          {
            "kind": "Function",
            "name": "textEditingDidBegin",
            "printedName": "textEditingDidBegin()",
            "children": [
              {
                "kind": "TypeNominal",
                "name": "Void",
                "printedName": "()"
              }
            ],
            "declKind": "Func",
            "usr": "c:@M@JCOTPComponent@objc(cs)JCOTPComponent(im)textEditingDidBegin",
            "mangledName": "$s14JCOTPComponentAAC19textEditingDidBeginyyF",
            "moduleName": "JCOTPComponent",
            "isOpen": true,
            "declAttributes": [
              "Custom",
              "ObjC"
            ],
            "funcSelfKind": "NonMutating"
          },
          {
            "kind": "Function",
            "name": "textDidChange",
            "printedName": "textDidChange()",
            "children": [
              {
                "kind": "TypeNominal",
                "name": "Void",
                "printedName": "()"
              }
            ],
            "declKind": "Func",
            "usr": "c:@M@JCOTPComponent@objc(cs)JCOTPComponent(im)textDidChange",
            "mangledName": "$s14JCOTPComponentAAC13textDidChangeyyF",
            "moduleName": "JCOTPComponent",
            "isOpen": true,
            "declAttributes": [
              "Custom",
              "ObjC"
            ],
            "funcSelfKind": "NonMutating"
          },
          {
            "kind": "Constructor",
            "name": "init",
            "printedName": "init(frame:)",
            "children": [
              {
                "kind": "TypeNominal",
                "name": "JCOTPComponent",
                "printedName": "JCOTPComponent.JCOTPComponent",
                "usr": "c:@M@JCOTPComponent@objc(cs)JCOTPComponent"
              },
              {
                "kind": "TypeNominal",
                "name": "CGRect",
                "printedName": "CoreFoundation.CGRect",
                "usr": "c:@S@CGRect"
              }
            ],
            "declKind": "Constructor",
            "usr": "c:@M@JCOTPComponent@objc(cs)JCOTPComponent(im)initWithFrame:",
            "mangledName": "$s14JCOTPComponentAAC5frameABSo6CGRectV_tcfc",
            "moduleName": "JCOTPComponent",
            "overriding": true,
            "implicit": true,
            "objc_name": "initWithFrame:",
            "declAttributes": [
              "Dynamic",
              "ObjC",
              "Custom",
              "Override"
            ],
            "init_kind": "Designated"
          },
          {
            "kind": "Constructor",
            "name": "init",
            "printedName": "init(coder:)",
            "children": [
              {
                "kind": "TypeNominal",
                "name": "Optional",
                "printedName": "JCOTPComponent.JCOTPComponent?",
                "children": [
                  {
                    "kind": "TypeNominal",
                    "name": "JCOTPComponent",
                    "printedName": "JCOTPComponent.JCOTPComponent",
                    "usr": "c:@M@JCOTPComponent@objc(cs)JCOTPComponent"
                  }
                ],
                "usr": "s:Sq"
              },
              {
                "kind": "TypeNominal",
                "name": "NSCoder",
                "printedName": "Foundation.NSCoder",
                "usr": "c:objc(cs)NSCoder"
              }
            ],
            "declKind": "Constructor",
            "usr": "c:@M@JCOTPComponent@objc(cs)JCOTPComponent(im)initWithCoder:",
            "mangledName": "$s14JCOTPComponentAAC5coderABSgSo7NSCoderC_tcfc",
            "moduleName": "JCOTPComponent",
            "overriding": true,
            "implicit": true,
            "objc_name": "initWithCoder:",
            "declAttributes": [
              "Dynamic",
              "ObjC",
              "Custom",
              "Required"
            ],
            "init_kind": "Designated"
          },
          {
            "kind": "Var",
            "name": "digitsCount",
            "printedName": "digitsCount",
            "children": [
              {
                "kind": "TypeNominal",
                "name": "Int",
                "printedName": "Swift.Int",
                "usr": "s:Si"
              }
            ],
            "declKind": "Var",
            "usr": "s:14JCOTPComponentAAC11digitsCountSivp",
            "mangledName": "$s14JCOTPComponentAAC11digitsCountSivp",
            "moduleName": "JCOTPComponent",
            "isOpen": true,
            "declAttributes": [
              "Custom"
            ],
            "isFromExtension": true,
            "accessors": [
              {
                "kind": "Accessor",
                "name": "Get",
                "printedName": "Get()",
                "children": [
                  {
                    "kind": "TypeNominal",
                    "name": "Int",
                    "printedName": "Swift.Int",
                    "usr": "s:Si"
                  }
                ],
                "declKind": "Accessor",
                "usr": "s:14JCOTPComponentAAC11digitsCountSivg",
                "mangledName": "$s14JCOTPComponentAAC11digitsCountSivg",
                "moduleName": "JCOTPComponent",
                "isOpen": true,
                "isFromExtension": true,
                "accessorKind": "get"
              }
            ]
          }
        ],
        "declKind": "Class",
        "usr": "c:@M@JCOTPComponent@objc(cs)JCOTPComponent",
        "mangledName": "$s14JCOTPComponentAAC",
        "moduleName": "JCOTPComponent",
        "isOpen": true,
        "declAttributes": [
          "Custom",
          "AccessControl",
          "ObjC"
        ],
        "superclassUsr": "c:objc(cs)UITextField",
        "inheritsConvenienceInitializers": true,
        "superclassNames": [
          "UIKit.UITextField",
          "UIKit.UIControl",
          "UIKit.UIView",
          "UIKit.UIResponder",
          "ObjectiveC.NSObject"
        ],
        "conformances": [
          {
            "kind": "Conformance",
            "name": "JCOTPComponentImplementationProtocol",
            "printedName": "JCOTPComponentImplementationProtocol",
            "usr": "s:14JCOTPComponent0A22ImplementationProtocolP",
            "mangledName": "$s14JCOTPComponent0A22ImplementationProtocolP"
          },
          {
            "kind": "Conformance",
            "name": "Equatable",
            "printedName": "Equatable",
            "usr": "s:SQ",
            "mangledName": "$sSQ"
          },
          {
            "kind": "Conformance",
            "name": "Hashable",
            "printedName": "Hashable",
            "usr": "s:SH",
            "mangledName": "$sSH"
          },
          {
            "kind": "Conformance",
            "name": "CVarArg",
            "printedName": "CVarArg",
            "usr": "s:s7CVarArgP",
            "mangledName": "$ss7CVarArgP"
          },
          {
            "kind": "Conformance",
            "name": "_KeyValueCodingAndObservingPublishing",
            "printedName": "_KeyValueCodingAndObservingPublishing",
            "usr": "s:10Foundation37_KeyValueCodingAndObservingPublishingP",
            "mangledName": "$s10Foundation37_KeyValueCodingAndObservingPublishingP"
          },
          {
            "kind": "Conformance",
            "name": "_KeyValueCodingAndObserving",
            "printedName": "_KeyValueCodingAndObserving",
            "usr": "s:10Foundation27_KeyValueCodingAndObservingP",
            "mangledName": "$s10Foundation27_KeyValueCodingAndObservingP"
          },
          {
            "kind": "Conformance",
            "name": "CustomStringConvertible",
            "printedName": "CustomStringConvertible",
            "usr": "s:s23CustomStringConvertibleP",
            "mangledName": "$ss23CustomStringConvertibleP"
          },
          {
            "kind": "Conformance",
            "name": "CustomDebugStringConvertible",
            "printedName": "CustomDebugStringConvertible",
            "usr": "s:s28CustomDebugStringConvertibleP",
            "mangledName": "$ss28CustomDebugStringConvertibleP"
          },
          {
            "kind": "Conformance",
            "name": "UITraitChangeObservable",
            "printedName": "UITraitChangeObservable",
            "usr": "s:5UIKit23UITraitChangeObservableP",
            "mangledName": "$s5UIKit23UITraitChangeObservableP"
          },
          {
            "kind": "Conformance",
            "name": "__DefaultCustomPlaygroundQuickLookable",
            "printedName": "__DefaultCustomPlaygroundQuickLookable",
            "usr": "s:s38__DefaultCustomPlaygroundQuickLookableP",
            "mangledName": "$ss38__DefaultCustomPlaygroundQuickLookableP"
          }
        ]
      },
      {
        "kind": "TypeDecl",
        "name": "JCOTPComponentDelegate",
        "printedName": "JCOTPComponentDelegate",
        "children": [
          {
            "kind": "Function",
            "name": "didFinishEnter",
            "printedName": "didFinishEnter(code:completion:)",
            "children": [
              {
                "kind": "TypeNominal",
                "name": "Void",
                "printedName": "()"
              },
              {
                "kind": "TypeNominal",
                "name": "String",
                "printedName": "Swift.String",
                "usr": "s:SS"
              },
              {
                "kind": "TypeFunc",
                "name": "Function",
                "printedName": "(Swift.Bool) -> ()",
                "children": [
                  {
                    "kind": "TypeNominal",
                    "name": "Void",
                    "printedName": "()"
                  },
                  {
                    "kind": "TypeNominal",
                    "name": "Bool",
                    "printedName": "Swift.Bool",
                    "usr": "s:Sb"
                  }
                ],
                "typeAttributes": [
                  "noescape"
                ]
              }
            ],
            "declKind": "Func",
            "usr": "s:14JCOTPComponent0A8DelegateP14didFinishEnter4code10completionySS_ySbXEtF",
            "mangledName": "$s14JCOTPComponent0A8DelegateP14didFinishEnter4code10completionySS_ySbXEtF",
            "moduleName": "JCOTPComponent",
            "genericSig": "<τ_0_0 where τ_0_0 : JCOTPComponent.JCOTPComponentDelegate>",
            "sugared_genericSig": "<Self where Self : JCOTPComponent.JCOTPComponentDelegate>",
            "protocolReq": true,
            "reqNewWitnessTableEntry": true,
            "funcSelfKind": "NonMutating"
          },
          {
            "kind": "Function",
            "name": "onEnter",
            "printedName": "onEnter(code:)",
            "children": [
              {
                "kind": "TypeNominal",
                "name": "Void",
                "printedName": "()"
              },
              {
                "kind": "TypeNominal",
                "name": "String",
                "printedName": "Swift.String",
                "usr": "s:SS"
              }
            ],
            "declKind": "Func",
            "usr": "s:14JCOTPComponent0A8DelegateP7onEnter4codeySS_tF",
            "mangledName": "$s14JCOTPComponent0A8DelegateP7onEnter4codeySS_tF",
            "moduleName": "JCOTPComponent",
            "genericSig": "<τ_0_0 where τ_0_0 : JCOTPComponent.JCOTPComponentDelegate>",
            "sugared_genericSig": "<Self where Self : JCOTPComponent.JCOTPComponentDelegate>",
            "protocolReq": true,
            "reqNewWitnessTableEntry": true,
            "funcSelfKind": "NonMutating"
          },
          {
            "kind": "Function",
            "name": "onBeginEnter",
            "printedName": "onBeginEnter(code:)",
            "children": [
              {
                "kind": "TypeNominal",
                "name": "Void",
                "printedName": "()"
              },
              {
                "kind": "TypeNominal",
                "name": "String",
                "printedName": "Swift.String",
                "usr": "s:SS"
              }
            ],
            "declKind": "Func",
            "usr": "s:14JCOTPComponent0A8DelegateP12onBeginEnter4codeySS_tF",
            "mangledName": "$s14JCOTPComponent0A8DelegateP12onBeginEnter4codeySS_tF",
            "moduleName": "JCOTPComponent",
            "genericSig": "<τ_0_0 where τ_0_0 : JCOTPComponent.JCOTPComponentDelegate>",
            "sugared_genericSig": "<Self where Self : JCOTPComponent.JCOTPComponentDelegate>",
            "protocolReq": true,
            "reqNewWitnessTableEntry": true,
            "funcSelfKind": "NonMutating"
          }
        ],
        "declKind": "Protocol",
        "usr": "s:14JCOTPComponent0A8DelegateP",
        "mangledName": "$s14JCOTPComponent0A8DelegateP",
        "moduleName": "JCOTPComponent",
        "genericSig": "<τ_0_0 : AnyObject>",
        "sugared_genericSig": "<Self : AnyObject>",
        "declAttributes": [
          "AccessControl"
        ]
      },
      {
        "kind": "Import",
        "name": "UIKit",
        "printedName": "UIKit",
        "declKind": "Import",
        "moduleName": "JCOTPComponent"
      },
      {
        "kind": "TypeDecl",
        "name": "JCOTPComponentImplementation",
        "printedName": "JCOTPComponentImplementation",
        "children": [
          {
            "kind": "Var",
            "name": "implementationDelegate",
            "printedName": "implementationDelegate",
            "children": [
              {
                "kind": "TypeNominal",
                "name": "WeakStorage",
                "printedName": "JCOTPComponent.JCOTPComponentImplementationProtocol?"
              }
            ],
            "declKind": "Var",
            "usr": "s:14JCOTPComponent0A14ImplementationC22implementationDelegateAA0aB8Protocol_pSgvp",
            "mangledName": "$s14JCOTPComponent0A14ImplementationC22implementationDelegateAA0aB8Protocol_pSgvp",
            "moduleName": "JCOTPComponent",
            "isOpen": true,
            "declAttributes": [
              "Custom",
              "HasInitialValue",
              "HasStorage",
              "ReferenceOwnership"
            ],
            "fixedbinaryorder": 0,
            "ownership": 1,
            "hasStorage": true,
            "accessors": [
              {
                "kind": "Accessor",
                "name": "Get",
                "printedName": "Get()",
                "children": [
                  {
                    "kind": "TypeNominal",
                    "name": "Optional",
                    "printedName": "JCOTPComponent.JCOTPComponentImplementationProtocol?",
                    "children": [
                      {
                        "kind": "TypeNominal",
                        "name": "JCOTPComponentImplementationProtocol",
                        "printedName": "JCOTPComponent.JCOTPComponentImplementationProtocol",
                        "usr": "s:14JCOTPComponent0A22ImplementationProtocolP"
                      }
                    ],
                    "usr": "s:Sq"
                  }
                ],
                "declKind": "Accessor",
                "usr": "s:14JCOTPComponent0A14ImplementationC22implementationDelegateAA0aB8Protocol_pSgvg",
                "mangledName": "$s14JCOTPComponent0A14ImplementationC22implementationDelegateAA0aB8Protocol_pSgvg",
                "moduleName": "JCOTPComponent",
                "implicit": true,
                "isOpen": true,
                "accessorKind": "get"
              },
              {
                "kind": "Accessor",
                "name": "Set",
                "printedName": "Set()",
                "children": [
                  {
                    "kind": "TypeNominal",
                    "name": "Void",
                    "printedName": "()"
                  },
                  {
                    "kind": "TypeNominal",
                    "name": "Optional",
                    "printedName": "JCOTPComponent.JCOTPComponentImplementationProtocol?",
                    "children": [
                      {
                        "kind": "TypeNominal",
                        "name": "JCOTPComponentImplementationProtocol",
                        "printedName": "JCOTPComponent.JCOTPComponentImplementationProtocol",
                        "usr": "s:14JCOTPComponent0A22ImplementationProtocolP"
                      }
                    ],
                    "usr": "s:Sq"
                  }
                ],
                "declKind": "Accessor",
                "usr": "s:14JCOTPComponent0A14ImplementationC22implementationDelegateAA0aB8Protocol_pSgvs",
                "mangledName": "$s14JCOTPComponent0A14ImplementationC22implementationDelegateAA0aB8Protocol_pSgvs",
                "moduleName": "JCOTPComponent",
                "implicit": true,
                "isOpen": true,
                "accessorKind": "set"
              },
              {
                "kind": "Accessor",
                "name": "Modify",
                "printedName": "Modify()",
                "children": [
                  {
                    "kind": "TypeNominal",
                    "name": "Void",
                    "printedName": "()"
                  }
                ],
                "declKind": "Accessor",
                "usr": "s:14JCOTPComponent0A14ImplementationC22implementationDelegateAA0aB8Protocol_pSgvM",
                "mangledName": "$s14JCOTPComponent0A14ImplementationC22implementationDelegateAA0aB8Protocol_pSgvM",
                "moduleName": "JCOTPComponent",
                "implicit": true,
                "isOpen": true,
                "accessorKind": "_modify"
              }
            ]
          },
          {
            "kind": "Function",
            "name": "textField",
            "printedName": "textField(_:shouldChangeCharactersIn:replacementString:)",
            "children": [
              {
                "kind": "TypeNominal",
                "name": "Bool",
                "printedName": "Swift.Bool",
                "usr": "s:Sb"
              },
              {
                "kind": "TypeNominal",
                "name": "UITextField",
                "printedName": "UIKit.UITextField",
                "usr": "c:objc(cs)UITextField"
              },
              {
                "kind": "TypeNominal",
                "name": "_NSRange",
                "printedName": "Foundation._NSRange",
                "usr": "c:@S@_NSRange"
              },
              {
                "kind": "TypeNominal",
                "name": "String",
                "printedName": "Swift.String",
                "usr": "s:SS"
              }
            ],
            "declKind": "Func",
            "usr": "c:@M@JCOTPComponent@objc(cs)JCOTPComponentImplementation(im)textField:shouldChangeCharactersInRange:replacementString:",
            "mangledName": "$s14JCOTPComponent0A14ImplementationC9textField_24shouldChangeCharactersIn17replacementStringSbSo06UITextD0C_So8_NSRangeVSStF",
            "moduleName": "JCOTPComponent",
            "isOpen": true,
            "objc_name": "textField:shouldChangeCharactersInRange:replacementString:",
            "declAttributes": [
              "ObjC",
              "Custom"
            ],
            "funcSelfKind": "NonMutating"
          },
          {
            "kind": "Constructor",
            "name": "init",
            "printedName": "init()",
            "children": [
              {
                "kind": "TypeNominal",
                "name": "JCOTPComponentImplementation",
                "printedName": "JCOTPComponent.JCOTPComponentImplementation",
                "usr": "c:@M@JCOTPComponent@objc(cs)JCOTPComponentImplementation"
              }
            ],
            "declKind": "Constructor",
            "usr": "c:@M@JCOTPComponent@objc(cs)JCOTPComponentImplementation(im)init",
            "mangledName": "$s14JCOTPComponent0A14ImplementationCACycfc",
            "moduleName": "JCOTPComponent",
            "overriding": true,
            "implicit": true,
            "objc_name": "init",
            "declAttributes": [
              "Dynamic",
              "ObjC",
              "Custom",
              "Override"
            ],
            "init_kind": "Designated"
          }
        ],
        "declKind": "Class",
        "usr": "c:@M@JCOTPComponent@objc(cs)JCOTPComponentImplementation",
        "mangledName": "$s14JCOTPComponent0A14ImplementationC",
        "moduleName": "JCOTPComponent",
        "isOpen": true,
        "declAttributes": [
          "Custom",
          "ObjC"
        ],
        "superclassUsr": "c:objc(cs)NSObject",
        "inheritsConvenienceInitializers": true,
        "superclassNames": [
          "ObjectiveC.NSObject"
        ],
        "conformances": [
          {
            "kind": "Conformance",
            "name": "Equatable",
            "printedName": "Equatable",
            "usr": "s:SQ",
            "mangledName": "$sSQ"
          },
          {
            "kind": "Conformance",
            "name": "Hashable",
            "printedName": "Hashable",
            "usr": "s:SH",
            "mangledName": "$sSH"
          },
          {
            "kind": "Conformance",
            "name": "CVarArg",
            "printedName": "CVarArg",
            "usr": "s:s7CVarArgP",
            "mangledName": "$ss7CVarArgP"
          },
          {
            "kind": "Conformance",
            "name": "_KeyValueCodingAndObservingPublishing",
            "printedName": "_KeyValueCodingAndObservingPublishing",
            "usr": "s:10Foundation37_KeyValueCodingAndObservingPublishingP",
            "mangledName": "$s10Foundation37_KeyValueCodingAndObservingPublishingP"
          },
          {
            "kind": "Conformance",
            "name": "_KeyValueCodingAndObserving",
            "printedName": "_KeyValueCodingAndObserving",
            "usr": "s:10Foundation27_KeyValueCodingAndObservingP",
            "mangledName": "$s10Foundation27_KeyValueCodingAndObservingP"
          },
          {
            "kind": "Conformance",
            "name": "CustomStringConvertible",
            "printedName": "CustomStringConvertible",
            "usr": "s:s23CustomStringConvertibleP",
            "mangledName": "$ss23CustomStringConvertibleP"
          },
          {
            "kind": "Conformance",
            "name": "CustomDebugStringConvertible",
            "printedName": "CustomDebugStringConvertible",
            "usr": "s:s28CustomDebugStringConvertibleP",
            "mangledName": "$ss28CustomDebugStringConvertibleP"
          }
        ]
      },
      {
        "kind": "TypeDecl",
        "name": "JCOTPComponentImplementationProtocol",
        "printedName": "JCOTPComponentImplementationProtocol",
        "children": [
          {
            "kind": "Var",
            "name": "digitsCount",
            "printedName": "digitsCount",
            "children": [
              {
                "kind": "TypeNominal",
                "name": "Int",
                "printedName": "Swift.Int",
                "usr": "s:Si"
              }
            ],
            "declKind": "Var",
            "usr": "s:14JCOTPComponent0A22ImplementationProtocolP11digitsCountSivp",
            "mangledName": "$s14JCOTPComponent0A22ImplementationProtocolP11digitsCountSivp",
            "moduleName": "JCOTPComponent",
            "protocolReq": true,
            "accessors": [
              {
                "kind": "Accessor",
                "name": "Get",
                "printedName": "Get()",
                "children": [
                  {
                    "kind": "TypeNominal",
                    "name": "Int",
                    "printedName": "Swift.Int",
                    "usr": "s:Si"
                  }
                ],
                "declKind": "Accessor",
                "usr": "s:14JCOTPComponent0A22ImplementationProtocolP11digitsCountSivg",
                "mangledName": "$s14JCOTPComponent0A22ImplementationProtocolP11digitsCountSivg",
                "moduleName": "JCOTPComponent",
                "genericSig": "<τ_0_0 where τ_0_0 : JCOTPComponent.JCOTPComponentImplementationProtocol>",
                "sugared_genericSig": "<Self where Self : JCOTPComponent.JCOTPComponentImplementationProtocol>",
                "protocolReq": true,
                "reqNewWitnessTableEntry": true,
                "accessorKind": "get"
              }
            ]
          }
        ],
        "declKind": "Protocol",
        "usr": "s:14JCOTPComponent0A22ImplementationProtocolP",
        "mangledName": "$s14JCOTPComponent0A22ImplementationProtocolP",
        "moduleName": "JCOTPComponent",
        "genericSig": "<τ_0_0 : AnyObject>",
        "sugared_genericSig": "<Self : AnyObject>"
      },
      {
        "kind": "Import",
        "name": "UIKit",
        "printedName": "UIKit",
        "declKind": "Import",
        "moduleName": "JCOTPComponent"
      },
      {
        "kind": "TypeDecl",
        "name": "UIView",
        "printedName": "UIView",
        "children": [
          {
            "kind": "Function",
            "name": "shake",
            "printedName": "shake()",
            "children": [
              {
                "kind": "TypeNominal",
                "name": "Void",
                "printedName": "()"
              }
            ],
            "declKind": "Func",
            "usr": "s:So6UIViewC14JCOTPComponentE5shakeyyF",
            "mangledName": "$sSo6UIViewC14JCOTPComponentE5shakeyyF",
            "moduleName": "JCOTPComponent",
            "isOpen": true,
            "declAttributes": [
              "Custom",
              "AccessControl"
            ],
            "isFromExtension": true,
            "funcSelfKind": "NonMutating"
          }
        ],
        "declKind": "Class",
        "usr": "c:objc(cs)UIView",
        "moduleName": "UIKit",
        "isOpen": true,
        "intro_iOS": "2.0",
        "objc_name": "UIView",
        "declAttributes": [
          "Available",
          "ObjC",
          "NonSendable",
          "Custom",
          "Dynamic"
        ],
        "superclassUsr": "c:objc(cs)UIResponder",
        "isExternal": true,
        "inheritsConvenienceInitializers": true,
        "superclassNames": [
          "UIKit.UIResponder",
          "ObjectiveC.NSObject"
        ],
        "conformances": [
          {
            "kind": "Conformance",
            "name": "Equatable",
            "printedName": "Equatable",
            "usr": "s:SQ",
            "mangledName": "$sSQ"
          },
          {
            "kind": "Conformance",
            "name": "Hashable",
            "printedName": "Hashable",
            "usr": "s:SH",
            "mangledName": "$sSH"
          },
          {
            "kind": "Conformance",
            "name": "CVarArg",
            "printedName": "CVarArg",
            "usr": "s:s7CVarArgP",
            "mangledName": "$ss7CVarArgP"
          },
          {
            "kind": "Conformance",
            "name": "_KeyValueCodingAndObservingPublishing",
            "printedName": "_KeyValueCodingAndObservingPublishing",
            "usr": "s:10Foundation37_KeyValueCodingAndObservingPublishingP",
            "mangledName": "$s10Foundation37_KeyValueCodingAndObservingPublishingP"
          },
          {
            "kind": "Conformance",
            "name": "_KeyValueCodingAndObserving",
            "printedName": "_KeyValueCodingAndObserving",
            "usr": "s:10Foundation27_KeyValueCodingAndObservingP",
            "mangledName": "$s10Foundation27_KeyValueCodingAndObservingP"
          },
          {
            "kind": "Conformance",
            "name": "CustomStringConvertible",
            "printedName": "CustomStringConvertible",
            "usr": "s:s23CustomStringConvertibleP",
            "mangledName": "$ss23CustomStringConvertibleP"
          },
          {
            "kind": "Conformance",
            "name": "CustomDebugStringConvertible",
            "printedName": "CustomDebugStringConvertible",
            "usr": "s:s28CustomDebugStringConvertibleP",
            "mangledName": "$ss28CustomDebugStringConvertibleP"
          },
          {
            "kind": "Conformance",
            "name": "UITraitChangeObservable",
            "printedName": "UITraitChangeObservable",
            "usr": "s:5UIKit23UITraitChangeObservableP",
            "mangledName": "$s5UIKit23UITraitChangeObservableP"
          },
          {
            "kind": "Conformance",
            "name": "__DefaultCustomPlaygroundQuickLookable",
            "printedName": "__DefaultCustomPlaygroundQuickLookable",
            "usr": "s:s38__DefaultCustomPlaygroundQuickLookableP",
            "mangledName": "$ss38__DefaultCustomPlaygroundQuickLookableP"
          }
        ]
      }
    ],
    "json_format_version": 8
  },
  "ConstValues": [
    {
      "filePath": "\/Users\/en3110284\/Desktop\/JCOTPComponent\/JCOTPComponent\/Source\/JCOTPComponent.swift",
      "kind": "StringLiteral",
      "offset": 98,
      "length": 2,
      "value": "\"\""
    },
    {
      "filePath": "\/Users\/en3110284\/Desktop\/JCOTPComponent\/JCOTPComponent\/Source\/JCOTPComponent.swift",
      "kind": "FloatLiteral",
      "offset": 165,
      "length": 5,
      "value": "0.949"
    },
    {
      "filePath": "\/Users\/en3110284\/Desktop\/JCOTPComponent\/JCOTPComponent\/Source\/JCOTPComponent.swift",
      "kind": "FloatLiteral",
      "offset": 179,
      "length": 5,
      "value": "0.949"
    },
    {
      "filePath": "\/Users\/en3110284\/Desktop\/JCOTPComponent\/JCOTPComponent\/Source\/JCOTPComponent.swift",
      "kind": "FloatLiteral",
      "offset": 192,
      "length": 5,
      "value": "0.949"
    },
    {
      "filePath": "\/Users\/en3110284\/Desktop\/JCOTPComponent\/JCOTPComponent\/Source\/JCOTPComponent.swift",
      "kind": "IntegerLiteral",
      "offset": 206,
      "length": 1,
      "value": "1"
    },
    {
      "filePath": "\/Users\/en3110284\/Desktop\/JCOTPComponent\/JCOTPComponent\/Source\/JCOTPComponent.swift",
      "kind": "FloatLiteral",
      "offset": 270,
      "length": 5,
      "value": "0.949"
    },
    {
      "filePath": "\/Users\/en3110284\/Desktop\/JCOTPComponent\/JCOTPComponent\/Source\/JCOTPComponent.swift",
      "kind": "FloatLiteral",
      "offset": 284,
      "length": 5,
      "value": "0.949"
    },
    {
      "filePath": "\/Users\/en3110284\/Desktop\/JCOTPComponent\/JCOTPComponent\/Source\/JCOTPComponent.swift",
      "kind": "FloatLiteral",
      "offset": 297,
      "length": 5,
      "value": "0.949"
    },
    {
      "filePath": "\/Users\/en3110284\/Desktop\/JCOTPComponent\/JCOTPComponent\/Source\/JCOTPComponent.swift",
      "kind": "IntegerLiteral",
      "offset": 311,
      "length": 1,
      "value": "1"
    },
    {
      "filePath": "\/Users\/en3110284\/Desktop\/JCOTPComponent\/JCOTPComponent\/Source\/JCOTPComponent.swift",
      "kind": "IntegerLiteral",
      "offset": 353,
      "length": 2,
      "value": "10"
    },
    {
      "filePath": "\/Users\/en3110284\/Desktop\/JCOTPComponent\/JCOTPComponent\/Source\/JCOTPComponent.swift",
      "kind": "IntegerLiteral",
      "offset": 507,
      "length": 1,
      "value": "0"
    },
    {
      "filePath": "\/Users\/en3110284\/Desktop\/JCOTPComponent\/JCOTPComponent\/Source\/JCOTPComponent.swift",
      "kind": "IntegerLiteral",
      "offset": 553,
      "length": 1,
      "value": "1"
    },
    {
      "filePath": "\/Users\/en3110284\/Desktop\/JCOTPComponent\/JCOTPComponent\/Source\/JCOTPComponent.swift",
      "kind": "IntegerLiteral",
      "offset": 642,
      "length": 2,
      "value": "14"
    },
    {
      "filePath": "\/Users\/en3110284\/Desktop\/JCOTPComponent\/JCOTPComponent\/Source\/JCOTPComponent.swift",
      "kind": "IntegerLiteral",
      "offset": 710,
      "length": 2,
      "value": "14"
    },
    {
      "filePath": "\/Users\/en3110284\/Desktop\/JCOTPComponent\/JCOTPComponent\/Source\/JCOTPComponent.swift",
      "kind": "BooleanLiteral",
      "offset": 872,
      "length": 5,
      "value": "false"
    },
    {
      "filePath": "\/Users\/en3110284\/Desktop\/JCOTPComponent\/JCOTPComponent\/Source\/JCOTPComponent.swift",
      "kind": "IntegerLiteral",
      "offset": 1188,
      "length": 1,
      "value": "6"
    }
  ]
}